source_path	sha256	size_bytes	saved_as
_fuzz_result/torch2.2-fuzz-30s/torch.reshape/artifacts/crash-592d0f17ea351f6684480829c724b9de6b34abb8	3fac9dc72adfe86150be0372cfb432f8f94c6cbddbdcb0d0e1afb7ece344cfaf	128	evidence/crash_inputs/3fac9dc72adfe86150be0372cfb432f8f94c6cbddbdcb0d0e1afb7ece344cfaf.bin
_fuzz_result/torch2.2-fuzz-600s/torch.reshape/artifacts/crash-43a2d784e93563c53eb2285257916f4dc12c0247	0733059bf38170a91316ac0d5a22e23ee82ba9d5052af53331a95ad877e8c876	128	evidence/crash_inputs/0733059bf38170a91316ac0d5a22e23ee82ba9d5052af53331a95ad877e8c876.bin
_fuzz_result/torch2.2-fuzz-600s/torch.reshape/artifacts/crash-592d0f17ea351f6684480829c724b9de6b34abb8	3fac9dc72adfe86150be0372cfb432f8f94c6cbddbdcb0d0e1afb7ece344cfaf	128	evidence/crash_inputs/3fac9dc72adfe86150be0372cfb432f8f94c6cbddbdcb0d0e1afb7ece344cfaf.bin
_fuzz_result/torch2.2-fuzz-600s/torch.reshape/artifacts/crash-5e8e33835732bfd6745aec44a8f1d0e1498574ad	f939a5eb41e7c238e89aac2c8322ae544f439a007c69569464dc12f6cff69baa	128	evidence/crash_inputs/f939a5eb41e7c238e89aac2c8322ae544f439a007c69569464dc12f6cff69baa.bin
_fuzz_result/torch2.2-fuzz-600s/torch.reshape/artifacts/crash-5f345bde38361a3d8529d9b58f79e82d52ddc04e	f9320eb0b279607ce585a8193928bab21b48cc7a5d45d3b18e46d7f2436291b1	128	evidence/crash_inputs/f9320eb0b279607ce585a8193928bab21b48cc7a5d45d3b18e46d7f2436291b1.bin
_fuzz_result/torch2.2-fuzz-600s/torch.reshape/artifacts/crash-8355b6e6431ba0404d494fa189eac06930052ac6	d1c6e2a38452d8f4438d4b525ed9c6a48c090f50a17758fef42b34ed135e9b36	128	evidence/crash_inputs/d1c6e2a38452d8f4438d4b525ed9c6a48c090f50a17758fef42b34ed135e9b36.bin
_fuzz_result/torch2.2-fuzz-600s/torch.reshape/artifacts/crash-854d1ed1a8b544f5cee61dec9c28b53695f79e9e	c8e41328109fbb000103347e9ed9c1ccbca60f9f80ac3ec619f646e329f2b5b8	128	evidence/crash_inputs/c8e41328109fbb000103347e9ed9c1ccbca60f9f80ac3ec619f646e329f2b5b8.bin
_fuzz_result/torch2.2-fuzz-600s/torch.reshape/artifacts/crash-85ececa8a3c8c0baffe88f15f06c87671442cdee	210410de2d4d61470b6de8c961a3cafc3e2df7e0886bba61e25fcad66ed18133	128	evidence/crash_inputs/210410de2d4d61470b6de8c961a3cafc3e2df7e0886bba61e25fcad66ed18133.bin
_fuzz_result/torch2.2-fuzz-600s/torch.reshape/artifacts/crash-da9ec526c9a92f0a96d948060d29c9fa3f835463	86ea42b596113314b5ca9abfd3e4948cc2bedcc1e878077f9e8eeb7cb052307e	128	evidence/crash_inputs/86ea42b596113314b5ca9abfd3e4948cc2bedcc1e878077f9e8eeb7cb052307e.bin
_fuzz_result/torch2.2-fuzz-600s/torch.reshape/artifacts/crash-f636054a75987f79b4b6a0f630764b5246c8db84	a1f82d1cca019d068d31e2537101fc623a21ea6c4423d8d5c6c8a6b19189d6e4	128	evidence/crash_inputs/a1f82d1cca019d068d31e2537101fc623a21ea6c4423d8d5c6c8a6b19189d6e4.bin
