insertions	deletions	path
36	6	expmanager.py
72	14	scripts/build_test_harness.py
5	0	scripts/coverage_fuzzing.py
161	125	testharness/torch_cpu/torch.add/main.cpp
57	93	testharness/torch_cpu/torch.addmm/main.cpp
40	101	testharness/torch_cpu/torch.cat/main.cpp
51	88	testharness/torch_cpu/torch.index_select/main.cpp
33	69	testharness/torch_cpu/torch.matmul/main.cpp
64	45	testharness/torch_cpu/torch.mm/main.cpp
119	108	testharness/torch_cpu/torch.mul/main.cpp
44	41	testharness/torch_cpu/torch.relu/main.cpp
90	111	testharness/torch_cpu/torch.reshape/main.cpp
61	42	testharness/torch_cpu/torch.softmax/main.cpp
